{
  "go_basic": 0.000156817,
  "go_object": 0.000279202,
  "nico_objects": 0.004703900000000004,
  "xavier_base_type": 0.0245075,
  "xavier_objects": 0.0013864999999999988
}