{
  "xavier_base_type": 2.4027477,
  "xavier_objects": 1.4190839,
  "nico_objects": 3.1038313
}