{
  "xavier_base_type": 0.1191275,
  "xavier_objects": 0.007397399999999998,
  "nico_objects": 0.012855700000000005
}