{
  "xavier_base_type": 0.0245075,
  "xavier_objects": 0.0013864999999999988,
  "nico_objects": 0.004703900000000004
}