{
  "go_basic": 0.012457909,
  "go_object": 0.012152774,
  "nico_objects": 0.367169,
  "xavier_base_type": 1.0074146000000002,
  "xavier_objects": 0.2075337
}