{
  "go_basic": 9.736175478,
  "go_object": 9.051143536
}