{
  "xavier_base_type": 1.0074146000000002,
  "xavier_objects": 0.2075337,
  "nico_objects": 0.367169
}